Status,Solve,Objval
OPTIMAL,23720.38579106331,1.691259195438219
