Status,Solve,Objval
OPTIMAL,491.0175528526306,0.30281497025322957
