Costs,Total,Zone1,Zone2,Zone3,Zone4
cTotal,1.6650552346748442e6,2.82689202377332e7,1.9293412887778857e9,8.973877596844627e7,3.858321006225898e7
cFix,2.0856238278266222e9,2.8268907469494406e7,1.9290329343276675e9,8.973877596806233e7,3.8583210061398104e7
cVar,308367.2163911215,12.768065866306765,308354.44739222,0.00022705451455334123,0.0007059791322733356
cNSE,5.338498589636625e-5,1.3353281636744425e-5,1.343817285115179e-5,1.3322844313279583e-5,1.327068709519034e-5
cStart,0.003257074637851237,0.00015957463338024352,0.0028123264778163047,0.000143547325423578,0.0001416262012311073
cUnmetRsv,0.0,-,-,-,-
cNetworkExp,0.0,-,-,-,-
