Status,Solve,Objval
OPTIMAL,491.0175528526306,1.6650552346748442
