Status,Solve,Objval
OPTIMAL,491.0175528526306,0.2505371001293524
