Costs,Total,Zone1,Zone2,Zone3,Zone4
cTotal,1.743424089684312e6,2.8268944747671936e7,1.9293412425648737e9,8.973878468450515e7,3.858322320756573e7
cFix,2.0856238279811132e9,2.8268931979064688e7,1.9290328881117651e9,8.973878468384723e7,3.858322320643579e7
cVar,308367.21983011725,12.768154824551651,308354.4506643701,0.0002668471566024253,0.0007440749468662138
cNSE,0.00014684422751816843,3.6702433153122835e-5,3.69628348464941e-5,3.656319161618133e-5,3.661576790236999e-5
cStart,0.003526497049136831,0.00041571740314987076,0.0024070156130340855,0.0003545122202560133,0.00034925181269686984
cUnmetRsv,0.0,-,-,-,-
cNetworkExp,0.0,-,-,-,-
