Status,Solve,Objval
OPTIMAL,491.0175528526306,1.743424089684312
