Costs,Total,Zone1,Zone2,Zone3,Zone4
cTotal,316240.5118640595,2.826956616479847e7,4.0341260928820625e7,1.9827992793737192e9,3.452209542278301e7
cFix,2.0858301275318549e9,2.826920597680441e7,4.033881327055333e7,1.9827000131081738e9,3.452209517632349e7
cVar,102073.26153121325,359.90520627047874,2447.371498551514,99265.94681059063,0.03801580073071546
cNSE,0.7719180405241901,0.193183331705612,0.19470130511765174,0.19203080033675418,0.19200260336417507
cStart,0.3248169159540103,0.08960445391925473,0.09206744112990355,0.1267038917722295,0.01644112913262333
cUnmetRsv,0.0,-,-,-,-
cNetworkExp,0.0,-,-,-,-
