Status,Solve,Objval
OPTIMAL,491.0175528526306,0.3162405118640595
