Status,Solve,Objval
OPTIMAL,136.63207006454468,544.8102105864929
