Status,Solve,Objval
LOCALLY_SOLVED,615.0276191234589,950.1506571573377
