Status,Solve,Objval
OPTIMAL,491.0175528526306,1.7995913564406738
