Status,Solve,Objval
OPTIMAL,491.0175528526306,0.37588123115401034
