Status,Solve,Objval
LOCALLY_SOLVED,598.4637539386749,0.9353675270280717
