Costs,Total,Zone1,Zone2,Zone3,Zone4
cTotal,5.448102105864928e8,1.2138682223204876e8,1.350756221778821e8,1.6431112640462795e8,1.2403663977193391e8
cFix,5.447530718425171e8,1.2137260291127427e8,1.3506104996844456e8,1.642970216677369e8,1.2402239729506129e8
cVar,57138.743972741715,14219.320773719057,14572.209436726198,14104.736890307506,14242.476871988601
cNSE,8.961438293335601e-7,2.2391844897960074e-7,2.2438935897730075e-7,2.239182414865818e-7,2.239177798900775e-7
cStart,2.0635940321400213e-6,5.560361872690389e-7,6.017421541452775e-7,5.17153244511999e-7,3.88662446213702e-7
cUnmetRsv,0.0,-,-,-,-
cNetworkExp,0.0,-,-,-,-
