Status,Solve,Objval
OPTIMAL,152.68021297454834,544.8102105864928
