Status,Solve,Objval
OPTIMAL,136.2840759754181,544.8102105864929
