Costs,Total,Zone1,Zone2,Zone3,Zone4
cTotal,1.4860933942744199e6,1.916380965805806e9,4.0338391700440496e7,9.06296302850388e7,3.8583207198926136e7
cFix,2.0856009168490431e9,1.9160497004352486e9,4.033837893098841e7,9.062963028469464e7,3.858320719811154e7
cVar,331278.14062087797,331265.37040631054,12.769266247597802,0.00023964507427131197,0.0007086777886892579
cNSE,3.7700030374110936e-5,9.431861741766596e-6,9.425548331605809e-6,9.423468596187289e-6,9.419151704551228e-6
cStart,0.0005099765281502434,0.00014198438126798862,0.00017640528828886164,9.50975903410582e-5,9.648926825233407e-5
cUnmetRsv,0.0,-,-,-,-
cNetworkExp,0.0,-,-,-,-
