Status,Solve,Objval
OPTIMAL,491.0175528526306,1.4860933942744199
